Date,User,Message
2026-10-06 09:02:11,"김민수","좋은 아침입니다! 오늘 신규 온보딩 화면 배포 일정 얘기해볼까요?"
2026-10-06 09:04:32,"이지은","네 좋아요. 디자인 최종안은 어제 피그마에 올려뒀어요."
2026-10-06 09:04:40,"이지은","사진"
2026-10-06 09:05:03,"박준호","확인했습니다. 근데 2단계 화면에서 버튼 문구가 ""다음""이랑 ""계속""이 섞여 있어요"
2026-10-06 09:07:15,"이지은","아 맞네요. 제가 오늘 오후까지 문구 통일해서 다시 올릴게요."
2026-10-06 09:10:48,"김민수","배포는 이번 주 금요일로 가는 걸로 하죠. 이의 있으신 분?"
2026-10-06 09:11:20,"박준호","프론트 작업은 목요일까지 가능합니다.
다만 API 응답 스펙이 아직 확정이 안 됐어요."
2026-10-06 09:13:02,"최서연","API 스펙은 제가 내일까지 문서로 정리해서 공유드릴게요."
2026-10-06 09:15:37,"김민수","좋습니다. 그리고 QA는 누가 맡을까요?"
2026-10-06 09:16:09,"최서연","QA는 제가 목요일 오후에 할게요. 테스트 케이스는 지난번 템플릿 재사용하면 될 것 같아요"
2026-10-06 09:18:44,"박준호","혹시 이벤트 트래킹도 이번에 같이 붙이나요?"
2026-10-06 09:20:01,"김민수","트래킹은 이번 배포에서는 빼고 다음 스프린트로 넘기죠. 범위 커지면 금요일 못 맞춰요."
2026-10-06 09:21:26,"이지은","이모티콘"
2026-10-06 09:23:58,"김민수","마지막으로 배포 공지는 제가 목요일 저녁에 전사 채널에 올리겠습니다."
2026-10-06 09:24:30,"박준호","넵 정리 감사합니다!"
